<?xml version="1.0" encoding="UTF-8"?>
<!--DOCTYPE beans PUBLIC "-//SPRING//DTD BEAN//EN" "http://www.springframework.org/dtd/spring-beans.dtd" -->
<beans xmlns="http://www.springframework.org/schema/beans"
	xmlns:xsi="http://www.w3.org/2001/XMLSchema-instance" xmlns:context="http://www.springframework.org/schema/context"
	xmlns:tx="http://www.springframework.org/schema/tx" xmlns:aop="http://www.springframework.org/schema/aop"
	xsi:schemaLocation="
			http://www.springframework.org/schema/beans 
			http://www.springframework.org/schema/beans/spring-beans-3.0.xsd 
			http://www.springframework.org/schema/context 
			http://www.springframework.org/schema/context/spring-context-3.0.xsd 
			http://www.springframework.org/schema/tx 
			http://www.springframework.org/schema/tx/spring-tx-3.0.xsd 
			http://www.springframework.org/schema/aop 
			http://www.springframework.org/schema/aop/spring-aop-3.0.xsd">
			
	<!-- notice -->
	<bean id="noticeJsonStrategy" class="com.moji.shortforecast.web.notice.strategy.NoticeJsonStrategyImpl">
		<property name="noticeService" ref="noticeService"/>
	</bean>
	<bean id="noticeJsonFactory" class="com.moji.shortforecast.web.notice.NoticeJsonFactory">
		<property name="noticeJsonStrategy" ref="noticeJsonStrategy"/>
	</bean>
	<bean id="noticeJsonAction" class="com.moji.shortforecast.web.notice.NoticeJsonAction">
		<property name="noticeJsonFactory" ref="noticeJsonFactory"/>
	</bean>
	
</beans>
