<?xml version="1.0" encoding="UTF-8"?>
<!--DOCTYPE beans PUBLIC "-//SPRING//DTD BEAN//EN" "http://www.springframework.org/dtd/spring-beans.dtd" -->
<beans xmlns="http://www.springframework.org/schema/beans"
	xmlns:xsi="http://www.w3.org/2001/XMLSchema-instance" xmlns:context="http://www.springframework.org/schema/context"
	xmlns:tx="http://www.springframework.org/schema/tx" xmlns:aop="http://www.springframework.org/schema/aop"
	xsi:schemaLocation="
			http://www.springframework.org/schema/beans 
			http://www.springframework.org/schema/beans/spring-beans-3.0.xsd 
			http://www.springframework.org/schema/context 
			http://www.springframework.org/schema/context/spring-context-3.0.xsd 
			http://www.springframework.org/schema/tx 
			http://www.springframework.org/schema/tx/spring-tx-3.0.xsd 
			http://www.springframework.org/schema/aop 
			http://www.springframework.org/schema/aop/spring-aop-3.0.xsd">
	<!-- shortForecast -->
	<bean id="shortForecastFactory" class="com.moji.shortforecast.web.shortforecast.jsonpattern.ShortForecastJsonActionFactory">
		<property name="shortForecastStrategy" ref="shortForecastStrategy"/>
		<property name="verificationCodeStrategy" ref="verificationCodeStrategy" />
		<property name="serviceStrategy" ref="serviceStrategy" />
	</bean>
	<bean id="shortForecastStrategy" class="com.moji.shortforecast.web.shortforecast.jsonpattern.impl.GetShortForecastStrategyImpl">
		<property name="weatherService" ref="weatherService"/>
		<property name="shortForecastUtil" ref="shortForecastUtil"/>
		<property name="shortTimeoutVpt" value="1440000"/><!-- 短时过期时间阈值（ms）默认24分钟 -->
	</bean>
	<bean id="verificationCodeStrategy" class="com.moji.shortforecast.web.shortforecast.jsonpattern.impl.VerificationCodeStrategyImpl">
	    <property name="verificationCodeService" ref="verificationCodeService" />
	    <property name="weatherService" ref="weatherService"/>
	</bean>	
	<!-- push token -->
	<bean id="pushTokenJsonActionFactory" class="com.moji.shortforecast.web.push.pattern.PushTokenJsonActionFactory">
		<property name="pushTokenJsonStrategy" ref="pushTokenJsonStrategy"/>
	</bean>
	<bean id="pushTokenJsonStrategy" class="com.moji.shortforecast.web.push.pattern.PushTokenJsonStrategyImpl">
		<property name="pushTokenService" ref="pushTokenService"/>
	</bean>
</beans>
