<?xml version="1.0" encoding="UTF-8"?>
<!DOCTYPE struts PUBLIC
"-//Apache Software Foundation//DTD Struts Configuration 2.0//EN"
"http://struts.apache.org/dtds/struts-2.0.dtd">

<struts>
	<package name="notice_json" extends="app-default" namespace="/json">
		<action name="notice" class="com.moji.shortforecast.web.notice.NoticeJsonAction" method="getNotice">
			<result name="notice" type="json">
				<param name="root">resultBean</param>
		        <param name="contentType">text/html</param>
				<param name="ignoreHierarchy">false</param>
				<param name="excludeNullProperties">true</param>
				<param name="includeProperties">
					^rc\.c$,^rc\.p$,
					notice.*
				</param>
			</result>
		</action>
		<action name="coupon" class="com.moji.shortforecast.web.notice.NoticeJsonAction" method="getCoupon">
			<result name="coupon" type="json">
				<param name="root">couponResultBean</param>
		        <param name="contentType">text/html</param>
				<param name="ignoreHierarchy">false</param>
				<param name="excludeNullProperties">true</param>
				<param name="includeProperties">
					^rc\.c$,^rc\.p$,
					coupon.*
				</param>
			</result>
		</action>
	</package>
</struts>