<?xml version="1.0" encoding="UTF-8"?>
<!--DOCTYPE beans PUBLIC "-//SPRING//DTD BEAN//EN" "http://www.springframework.org/dtd/spring-beans.dtd" -->
<beans xmlns="http://www.springframework.org/schema/beans"
	xmlns:xsi="http://www.w3.org/2001/XMLSchema-instance" xmlns:context="http://www.springframework.org/schema/context"
	xmlns:tx="http://www.springframework.org/schema/tx" xmlns:aop="http://www.springframework.org/schema/aop"
	xsi:schemaLocation="
			http://www.springframework.org/schema/beans 
			http://www.springframework.org/schema/beans/spring-beans-3.0.xsd 
			http://www.springframework.org/schema/context 
			http://www.springframework.org/schema/context/spring-context-3.0.xsd 
			http://www.springframework.org/schema/tx 
			http://www.springframework.org/schema/tx/spring-tx-3.0.xsd 
			http://www.springframework.org/schema/aop 
			http://www.springframework.org/schema/aop/spring-aop-3.0.xsd">
			
	<bean id="jedisConfig" class="redis.clients.jedis.JedisPoolConfig">
		<property name="testWhileIdle" value="true" />
		<property name="testOnBorrow" value="true" />
		<property name="maxActive" value="10" />
		<property name="maxIdle" value="5" />
		<property name="minIdle" value="2" />
	</bean>
	<bean id="slaveRedis" class="redis.clients.jedis.JedisPool" destroy-method="destroy">
		<constructor-arg ref="jedisConfig" />
        <constructor-arg value="wapiR1s" />
        <constructor-arg value="9379" />
        <constructor-arg value="10000" />
        <constructor-arg value="mo_whR89" />
	</bean>
	<bean id="masterRedis" class="redis.clients.jedis.JedisPool" destroy-method="destroy">
		<constructor-arg ref="jedisConfig" />
        <constructor-arg value="wapiR1" />
        <constructor-arg value="9379" />
        <constructor-arg value="10000" />
        <constructor-arg value="mo_whR89"/>
	</bean>
</beans>			