<?xml version="1.0" encoding="UTF-8"?>
<!--DOCTYPE beans PUBLIC "-//SPRING//DTD BEAN//EN" "http://www.springframework.org/dtd/spring-beans.dtd" -->
<beans xmlns="http://www.springframework.org/schema/beans"
	xmlns:xsi="http://www.w3.org/2001/XMLSchema-instance" xmlns:context="http://www.springframework.org/schema/context"
	xmlns:tx="http://www.springframework.org/schema/tx" xmlns:aop="http://www.springframework.org/schema/aop"
	xsi:schemaLocation="
			http://www.springframework.org/schema/beans 
			http://www.springframework.org/schema/beans/spring-beans-3.0.xsd 
			http://www.springframework.org/schema/context 
			http://www.springframework.org/schema/context/spring-context-3.0.xsd 
			http://www.springframework.org/schema/tx 
			http://www.springframework.org/schema/tx/spring-tx-3.0.xsd 
			http://www.springframework.org/schema/aop 
			http://www.springframework.org/schema/aop/spring-aop-3.0.xsd">
	
	<bean id="logFilter" class="com.moji.core.framework.common.filter.LogFilter">		
		<property name="useBodyPostJsonList">
				<list>
					<value>/json/shortforecast</value>
					<value>/json/feedback</value>
					<value>/json/token</value>
					<value>/json/getVerificationCode</value>
					<value>/json/isVerificationCodeOK</value>
					<value>/json/getServices</value>
					<value>/json/notice</value>
					<value>/json/coupon</value>
				</list>
		</property>	
	</bean>
</beans>