<?xml version="1.0" encoding="UTF-8" ?>
<!DOCTYPE struts PUBLIC
	"-//Apache Software Foundation//DTD Struts Configuration 2.3//EN"
	"http://struts.apache.org/dtds/struts-2.3.dtd">

<struts>
	<constant name="struts.action.extension" value="" />
	<constant name="struts.enable.DynamicMethodInvocation" value="false" />
	<constant name="struts.devMode" value="false"/>
	<constant name="struts.ui.theme" value="simple" />
	<constant name="struts.multipart.saveDir" value="/tmp" />
	<constant name="struts.custom.i18n.resources" value="message" />
	<package name="app-default" extends="json-default">
	    <interceptors>
	        <interceptor name="exceptionInterceptor" class="com.moji.core.framework.common.interceptor.ExceptionInterceptor"></interceptor>
	        <interceptor-stack name="mojiStack">
				<interceptor-ref name="defaultStack"></interceptor-ref>
				<interceptor-ref name="exceptionInterceptor"></interceptor-ref>
			</interceptor-stack>
	    </interceptors>
	    
		<default-interceptor-ref name="mojiStack" />
		    	
        <global-results>
            <result name="success" type="json">
                <param name="contentType">text/html</param>
                <param name="ignoreHierarchy">false</param>
				<param name="includeProperties">
					^rc\.c$,^rc\.p$				
                </param>                
			</result>
			
            <result name="error" type="json">
                <param name="contentType">text/html</param>
                <param name="ignoreHierarchy">false</param>
				<param name="includeProperties">
					^rc\.c$,^rc\.p$				
                </param>                
			</result>	
			
            <result name="exception" type="json">
                <param name="contentType">text/html</param>
                <param name="ignoreHierarchy">false</param>
				<param name="includeProperties">
					^rc\.c$,^rc\.p$					
                </param>                
			</result>
        </global-results>

        <global-exception-mappings>
            <exception-mapping exception="java.lang.Exception" result="exception"/>
        </global-exception-mappings>        
    </package>	

	<include file="struts2/shortforecast.xml"></include>
	<include file="struts2/notice.xml"></include>
</struts>
